X,Y,y1,y2,y3,y4,y5,y6,y7,y8
200.931,2550.17,202.844,2377.89,204.757,2309.26,206.671,2277.44,,
208.584,2240.26,210.498,2181.03,212.411,2153.7,214.324,2083.13,216.238,2040.67
218.151,2003.68,220.064,1912.82,221.978,1918.39,223.891,1875.82,,
225.805,1873.69,227.718,1879.75,229.631,1836.65,231.545,1805.87,,
233.458,1805.06,235.371,1807.63,237.285,1783.7,239.198,1729.72,241.112,1727.29
243.025,1708.79,244.938,1694.01,246.852,1684.01,248.765,1675.49,250.679,1661.4
252.592,1654.15,254.505,1635.27,256.419,1633.04,258.332,1649.45,260.245,1658.7
262.159,1622.93,264.072,1605.57,265.986,1611.81,267.899,1615.13,,
269.812,1584.87,271.726,1577.08,273.639,1585.04,275.552,1546.12,,
277.466,1509.37,279.379,1516.6,281.293,1506.13,283.206,1495.87,285.119,1468.55
287.033,1428.99,288.946,1395.15,290.86,1397.39,292.773,1371.27,294.686,1371.3
296.6,1363.93,298.513,1353.66,300.426,1362.37,302.34,1354.79,304.253,1344.06
306.167,1330.04,308.08,1306.05,309.993,1279.08,311.907,1297.43,313.82,1297.28
315.733,1303.43,317.647,1306.13,319.56,1302.09,321.474,1296.49,323.387,1258.98
325.3,1262.6,327.214,1275.69,329.127,1280.68,331.041,1275.21,332.954,1294.83
334.867,1290.18,336.781,1307.72,338.694,1323.04,340.607,1315.62,,
342.521,1287.02,344.434,1314.53,346.348,1333.72,348.261,1351.35,,
350.174,1363.16,352.088,1365.78,354.001,1391.33,355.914,1460.53,,
357.828,1473.23,359.741,1461.73,361.655,1465.77,363.568,1499,365.481,1489.15
367.395,1442.34,369.308,1402.83,371.222,1370.8,373.135,1332.46,375.048,1319.16
376.962,1319.99,378.875,1298.85,380.788,1299.71,382.702,1312.58,,
384.615,1257.97,386.529,1285.37,388.442,1268.52,390.355,1272.27,,
392.269,1289.11,394.182,1291.58,396.095,1279.23,398.009,1286.83,399.922,1282.6
401.836,1286.64,403.749,1305.1,405.662,1324,407.576,1289.62,409.489,1269.04
411.403,1282.37,413.316,1294.66,415.229,1297.4,417.143,1341.64,419.056,1318.63
420.969,1345.42,422.883,1354.67,424.796,1361.55,426.71,1392.7,428.623,1390.47
430.536,1404.74,432.45,1409.6,434.363,1430.61,436.276,1452.1,438.19,1441.38
440.103,1472.4,442.017,1477.89,443.93,1478.85,445.843,1496.53,447.757,1512.89
449.67,1475.6,451.583,1501.94,453.497,1515.47,455.41,1518.26,457.324,1529.8
459.237,1546.57,461.15,1518.59,463.064,1539.74,464.977,1548.27,466.891,1569.96
468.804,1567.92,470.717,1529.44,472.631,1568.53,474.544,1582.06,,
476.457,1583.28,478.371,1590.07,480.284,1590.02,482.198,1573.31,,
484.111,1598.49,486.024,1602.1,487.938,1626.56,489.851,1625.37,491.764,1610.85
493.678,1624.84,495.591,1637.32,497.505,1655.86,499.418,1667.93,,
501.331,1680.44,503.245,1689.21,505.158,1688.47,507.072,1716.71,,
508.985,1745.19,510.898,1743.53,512.812,1759.27,514.725,1794.46,,
516.638,1811.13,518.552,1815.63,520.465,1871.96,522.379,1898.99,,
524.292,1899.71,526.205,1895.9,528.119,1904.88,530.032,1889.08,531.945,1901.17
533.859,1886.44,535.772,1872.68,537.686,1876.29,539.599,1888.37,,
541.512,1871.55,543.426,1876.22,545.339,1888.39,547.253,1898.79,,
549.166,1901.63,551.079,1900.03,552.993,1920.14,554.906,1929.74,,
556.819,1938.98,558.733,1925.5,560.646,1911.21,562.56,1929.43,564.473,1960.35
566.386,1954.22,568.3,1924.93,570.213,1905.74,572.127,1901.52,574.04,1914.5
575.953,1972.75,577.867,1936.24,579.78,1901.34,581.693,1878.78,583.607,1871.84
585.52,1880.76,587.434,1903.86,589.347,1906.38,591.26,1883.71,593.174,1904.33
595.087,1917.94,597,1904.48,598.914,1904.68,600.827,1902.15,602.741,1898.7
604.654,1931.16,606.567,1948.37,608.481,1937.49,610.394,1918.07,,
612.307,1881.39,614.221,1885.7,616.134,1883.54,618.048,1895.67,619.961,1890.93
621.874,1853.36,623.788,1843.59,625.701,1850.17,627.615,1861.28,,
629.528,1837.49,631.441,1819.97,633.355,1824.29,635.268,1819.28,,
637.181,1827.14,639.095,1801.46,641.008,1804.23,642.922,1823.16,,
644.835,1811.79,646.748,1764.4,648.662,1810.27,650.575,1805.45,652.489,1830.14
654.402,1826.39,656.315,1818.48,658.229,1831.09,660.142,1848.11,662.055,1841.5
663.969,1817.64,665.882,1834.3,667.796,1840.13,669.709,1830.73,671.622,1835.04
673.536,1857.16,675.449,1877.3,677.362,1876.76,679.276,1880.04,681.189,1897.3
683.103,1914.2,685.016,1900.85,686.929,1857.21,688.843,1852.12,690.756,1846.57
692.669,1876.99,694.583,1896.48,696.496,1868.64,698.41,1858.73,700.323,1869.96
702.236,1852.34,704.15,1837.74,706.063,1838.21,707.977,1846.18,709.89,1847.39
711.803,1845.05,713.717,1873.17,715.63,1874.48,717.543,1888.26,719.457,1892.67
721.37,1895.91,723.284,1934.78,725.197,1939.9,727.11,1971.75,729.024,1983.81
730.937,1999.08,732.851,1977.76,734.764,1922.5,736.677,1917.75,738.591,1959.33
740.504,1935.13,742.417,1918.94,744.331,1922.33,746.244,1918.82,,
748.158,1898.71,750.071,1898.55,751.984,1880.06,753.898,1909.79,755.811,1926.7
757.724,1921.55,759.638,1920.59,761.551,1942.72,763.465,1963.72,,
765.378,1970.66,767.291,1981.11,769.205,1976.32,771.118,1972.8,773.031,1958.14
774.945,1931.36,776.858,1941.77,778.772,1956.72,780.685,1938.91,,
782.598,1957.02,784.512,1959.1,786.425,1953.64,788.339,1971.99,790.252,1999.49
792.165,2005.94,794.079,1975.83,795.992,2009.7,797.905,2026.17,799.819,2069.06
801.732,2151.6,803.646,2156.91,805.559,2225.15,807.472,2269.27,809.386,2341.37
811.299,2423.53,813.212,2477.28,815.126,2532.9,817.039,2664.09,818.953,2719.75
820.866,2768.34,822.779,2782.33,824.693,2786.17,826.606,2781.05,828.52,2795.06
830.433,2849.75,832.346,2848.83,834.26,2948.39,836.173,2898.49,838.086,2861.44
840,2822.48,841.913,2782.54,843.827,2759.72,845.74,2726.55,847.653,2760.31
849.567,2738.62,851.48,2726.67,853.393,2728.82,855.307,2736.32,857.22,2739.55
859.134,2735.97,861.047,2739.36,862.96,2703.12,864.874,2718.53,866.787,2703.95
868.701,2695.7,870.614,2705.68,872.527,2704.8,874.441,2699.77,876.354,2664.31
878.267,2704.01,880.181,2735.53,882.094,2773,884.008,2841.43,885.921,2914.47
887.834,2939.46,889.748,3017.19,891.661,3067.98,893.574,3127.65,,
895.488,3195.55,897.401,3254.68,899.315,3301.79,901.228,3342.76,,
903.141,3380.87,905.055,3471.62,906.968,3475.58,908.882,3538.49,,
910.795,3548.93,912.708,3553.23,914.622,3574.92,916.535,3565.33,,
918.448,3535.06,920.362,3528.26,922.275,3571.47,924.189,3660.05,926.102,3903.4
928.015,4291.34,929.929,4808.88,931.842,5449.25,933.755,6001.54,,
935.669,6143.22,937.582,6006.75,939.496,5547.23,941.409,5019.63,,
943.322,4516.08,945.236,4083.66,947.149,3801.21,949.063,3518.2,950.976,3386
952.889,3256.2,954.803,3171.18,956.716,3109.68,958.629,3062.08,960.543,3026.45
962.456,2998.4,964.37,2992.72,966.283,3028.26,968.196,2981.18,970.11,2981.04
972.023,2953.99,973.936,2936.36,975.85,2943.84,977.763,2914.35,979.677,2911.53
981.59,2904.67,983.503,2886.1,985.417,2865.89,987.33,2864.02,989.244,2880.78
991.157,2914.17,993.07,2950.02,994.984,2945.54,996.897,3034.81,998.81,3125.1
1000.72,3203.42,1002.64,3317.08,1004.55,3426.74,1006.46,3518.61,,
1008.38,3575.45,1010.29,3513.73,1012.2,3399.7,1014.12,3341.41,1016.03,3247.31
1017.94,3189.41,1019.86,3181.58,1021.77,3186,1023.68,3158.04,1025.6,3100.54
1027.51,3086.28,1029.42,3043.31,1031.34,3025.44,1033.25,2999.17,,
1035.16,2984.71,1037.08,2969.22,1038.99,2961.62,1040.9,2962.69,1042.82,2919.73
1044.73,2899,1046.64,2951.04,1048.56,2934.18,1050.47,2981.36,1052.39,3062.61
1054.3,3170.23,1056.21,3292.67,1058.13,3390.83,1060.04,3466.03,1061.95,3564.71
1063.87,3563.94,1065.78,3601.77,1067.69,3590.97,1069.61,3582.43,1071.52,3620.3
1073.43,3670.14,1075.35,3684.15,1077.26,3734.35,1079.17,3766.62,,
1081.09,3759.03,1083,3760.39,1084.91,3826.99,1086.83,3879.54,1088.74,3906.61
1090.65,3940.03,1092.57,3968.14,1094.48,4002.69,1096.39,3990.39,,
1098.31,3919.13,1100.22,3841.83,1102.13,3795.28,1104.05,3756.29,,
1105.96,3745.34,1107.87,3783.14,1109.79,3802.51,1111.7,3686.66,1113.61,3610.09
1115.53,3515.33,1117.44,3418.14,1119.35,3378.23,1121.27,3402.63,,
1123.18,3419.15,1125.09,3394.84,1127.01,3361.74,1128.92,3306.78,,
1130.83,3319.93,1132.75,3311.84,1134.66,3250.3,1136.57,3297.89,1138.49,3336.98
1140.4,3354.33,1142.31,3358.58,1144.23,3335.44,1146.14,3326.01,1148.05,3375.35
1149.97,3440.73,1151.88,3514.53,1153.79,3606.84,1155.71,3729.8,1157.62,3869.15
1159.53,4007.03,1161.45,4125.99,1163.36,4234.89,1165.27,4387.41,,
1167.19,4474.21,1169.1,4488.7,1171.01,4445,1172.93,4358.52,1174.84,4286.47
1176.75,4171.86,1178.67,4026.67,1180.58,3881.08,1182.49,3700.17,,
1184.41,3583.12,1186.32,3436.57,1188.24,3334.06,1190.15,3224.18,,
1192.06,3060.76,1193.98,2972.41,1195.89,2907.99,1197.8,2823.68,1199.72,2749.83
1201.63,2693.66,1203.54,2686.52,1205.46,2657.28,1207.37,2645.7,1209.28,2653.78
1211.2,2614.84,1213.11,2653.21,1215.02,2705.4,1216.94,2708.71,1218.85,2710.42
1220.76,2737.12,1222.68,2698.53,1224.59,2680.62,1226.5,2668.65,1228.42,2616.74
1230.33,2565.68,1232.24,2564.02,1234.16,2563.43,1236.07,2560.96,,
1237.98,2563.36,1239.9,2566.63,1241.81,2633.7,1243.72,2658.45,1245.64,2723.71
1247.55,2746.3,1249.46,2807.42,1251.38,2853.75,1253.29,2901.93,1255.2,2923.72
1257.12,2936.68,1259.03,2982.66,1260.94,3026.79,1262.86,3056.3,1264.77,3156.6
1266.68,3270.52,1268.6,3378.1,1270.51,3449.72,1272.42,3457.56,1274.34,3403.8
1276.25,3299.69,1278.16,3188.44,1280.08,3109.84,1281.99,3044.36,1283.9,2999.72
1285.82,3079.2,1287.73,3178.77,1289.64,3259.46,1291.56,3429.4,1293.47,3581.7
1295.38,3736.52,1297.3,3889.84,1299.21,4066.23,1301.12,4310.4,1303.04,4613.85
1304.95,5037.1,1306.86,5291.71,1308.78,5366.25,1310.69,5143.51,1312.6,4918.17
1314.52,4650.83,1316.43,4374.61,1318.35,4111.77,1320.26,3925.73,1322.17,3826.7
1324.09,3729.68,1326,3660.67,1327.91,3571.03,1329.83,3562.51,1331.74,3440.74
1333.65,3313.15,1335.57,3179.04,1337.48,3086.59,1339.39,3031.72,,
1341.31,2994.82,1343.22,2973.54,1345.13,2981.5,1347.05,3032.07,1348.96,3108.77
1350.87,3143.94,1352.79,3192.14,1354.7,3289.7,1356.61,3421.29,1358.53,3504.21
1360.44,3592.93,1362.35,3645.17,1364.27,3679,1366.18,3687.86,1368.09,3663.46
1370.01,3674.11,1371.92,3608.29,1373.83,3602.04,1375.75,3581.33,,
1377.66,3492.02,1379.57,3404.82,1381.49,3323.77,1383.4,3269.41,1385.31,3176.28
1387.23,3059.71,1389.14,2990.5,1391.05,2967.3,1392.97,2938.34,1394.88,2920.8
1396.79,2902.72,1398.71,2859.91,1400.62,2906.7,1402.53,2911.87,1404.45,2917.47
1406.36,2922.18,1408.27,2949.87,1410.19,2974.15,1412.1,3008.58,1414.01,3023.31
1415.93,3031.39,1417.84,3117.09,1419.75,3155.51,1421.67,3267.19,,
1423.58,3415.73,1425.49,3731.68,1427.41,4164.59,1429.32,4573.29,,
1431.23,5045.58,1433.15,5422.97,1435.06,5708.24,1436.97,5869.61,,
1438.89,5937.16,1440.8,5993.38,1442.71,5969.62,1444.63,5776.58,1446.54,5562.06
1448.45,5329.17,1450.37,5104.5,1452.28,5002.12,1454.2,4931.48,1456.11,4855.36
1458.02,4760.77,1459.94,4727.77,1461.85,4670.21,1463.76,4606.31,,
1465.68,4564.49,1467.59,4498.82,1469.5,4427.9,1471.42,4332.15,1473.33,4213.69
1475.24,4164.29,1477.16,3879.77,1479.07,3807.24,1480.98,3654.49,1482.9,3483.12
1484.81,3404.41,1486.72,3318.42,1488.64,3226.48,1490.55,3177.28,,
1492.46,3151.56,1494.38,3124.93,1496.29,3111.4,1498.2,3099.52,1500.12,3099.13
1502.03,3124.22,1503.94,3112.79,1505.86,3053.4,1507.77,3092.86,1509.68,3073.2
1511.6,3085.23,1513.51,3051.77,1515.42,3022.97,1517.34,3018.81,1519.25,3011.48
1521.16,2978.8,1523.08,2944.15,1524.99,2938.96,1526.9,2930.4,1528.82,2907.73
1530.73,2919.52,1532.64,2887.75,1534.56,2839.37,1536.47,2861.79,1538.38,2877.5
1540.3,2858.29,1542.21,2873.3,1544.12,2894.52,1546.04,2890.17,1547.95,2846.14
1549.86,2833.17,1551.78,2875.66,1553.69,2893.01,1555.6,2886.58,1557.52,2923.94
1559.43,2897.62,1561.34,2880.96,1563.26,2880.05,1565.17,2911.09,,
1567.08,2961.44,1569,2961.53,1570.91,2953.61,1572.82,2963.33,1574.74,3011.51
1576.65,3037.89,1578.56,3003.29,1580.48,3015.94,1582.39,3033.57,1584.3,3008.65
1586.22,3015.48,1588.13,3025.6,1590.05,3044.94,1591.96,2998.34,1593.87,2996.29
1595.79,3005.3,1597.7,2960.78,1599.61,3027.33,1601.53,3050.7,1603.44,3071.53
1605.35,3078.53,1607.27,3136.46,1609.18,3168.59,1611.09,3214.48,,
1613.01,3256.46,1614.92,3284.54,1616.83,3305.62,1618.75,3300.21,,
1620.66,3284.09,1622.57,3286.51,1624.49,3244.82,1626.4,3116.38,1628.31,3176.12
1630.23,3143.13,1632.14,3081.2,1634.05,3074.09,1635.97,3056.14,1637.88,3058.82
1639.79,3082.42,1641.71,3097.37,1643.62,3101.53,1645.53,3151.74,,
1647.45,3155.66,1649.36,3134.48,1651.27,3089.09,1653.19,3069.97,1655.1,3084.19
1657.01,3046.31,1658.93,3016.98,1660.84,3003.63,1662.75,2961.72,,
1664.67,2916.36,1666.58,2928,1668.49,2870.72,1670.41,2853.86,1672.32,2841.28
1674.23,2791.48,1676.15,2797.08,1678.06,2795.25,1679.97,2748.61,1681.89,2760.5
1683.8,2747.08,1685.71,2701.58,1687.63,2701.72,1689.54,2705.43,1691.45,2683.93
1693.37,2689.18,1695.28,2686.37,1697.19,2627.45,1699.11,2616.53,,
1701.02,2662.36,1702.93,2620.31,1704.85,2625.31,1706.76,2590.63,,
1708.67,2615.96,1710.59,2623.3,1712.5,2634.5,1714.41,2607.75,1716.33,2596.25
1718.24,2605.09,1720.16,2618,1722.07,2624.21,1723.98,2606.65,1725.9,2577.04
1727.81,2567.78,1729.72,2603.53,1731.64,2599.08,1733.55,2580.28,,
1735.46,2603.91,1737.38,2605.52,1739.29,2581.16,1741.2,2602.2,1743.12,2621.72
1745.03,2584.45,1746.94,2560.58,1748.86,2597.7,1750.77,2565.75,1752.68,2563.79
1754.6,2536.13,1756.51,2563.68,1758.42,2522.4,1760.34,2514.88,1762.25,2468.63
1764.16,2499.98,1766.08,2481.21,1767.99,2430.64,1769.9,2482.51,1771.82,2473.73
1773.73,2471.81,1775.64,2476.02,1777.56,2469.08,1779.47,2474.24,,
1781.38,2444.46,1783.3,2457.54,1785.21,2483.07,1787.12,2482.06,1789.04,2493
1790.95,2490.87,1792.86,2479.04,1794.78,2475.06,1796.69,2463.82,1798.6,2449.49
1800.52,2450.32,1802.43,2410.48,1804.34,2411.67,1806.26,2427.62,,
1808.17,2449.12,1810.08,2403.02,1812,2385.47,1813.91,2412,1815.82,2412.87
1817.74,2409.76,1819.65,2409.59,1821.56,2382.48,1823.48,2404.59,,
1825.39,2487.45,1827.3,2392.84,1829.22,2344.65,1831.13,2340.68,1833.04,2332.08
1834.96,2330.61,1836.87,2420.39,1838.78,2437.01,1840.7,2366.77,1842.61,2329.63
1844.52,2325.14,1846.44,2309.87,1848.35,2281.32,1850.26,2273.47,,
1852.18,2279.42,1854.09,2284.44,1856.01,2280.76,1857.92,2253.26,,
1859.83,2267.96,1861.75,2247.17,1863.66,2259.48,1865.57,2262.38,,
1867.49,2233.12,1869.4,2262.23,1871.31,2235.78,1873.23,2247.74,1875.14,2235.35
1877.05,2184.51,1878.97,2228.55,1880.88,2229.34,1882.79,2215.85,,
1884.71,2216.43,1886.62,2202.09,1888.53,2194.29,1890.45,2203.39,,
1892.36,2173.64,1894.27,2205,1896.19,2189.84,1898.1,2192,1900.01,2148.94
1901.93,2161.27,1903.84,2178.76,1905.75,2127.03,1907.67,2137.02,,
1909.58,2126.21,1911.49,2151.51,1913.41,2128.96,1915.32,2129.5,1917.23,2142.29
1919.15,2133.66,1921.06,2130.27,1922.97,2126.4,1924.89,2131.38,1926.8,2127.38
1928.71,2110.02,1930.63,2128.46,1932.54,2138.35,1934.45,2112.07,,
1936.37,2106.61,1938.28,2097.85,1940.19,2102.45,1942.11,2114,1944.02,2094.12
1945.93,2103.37,1947.85,2094.49,1949.76,2110.61,1951.67,2085.84,,
1953.59,2079.36,1955.5,2082.91,1957.41,2081.25,1959.33,2072.09,1961.24,2067.31
1963.15,2065.29,1965.07,2054.83,1966.98,2068.25,1968.89,2013.19,,
1970.81,2029.66,1972.72,2022.42,1974.63,2076.88,1976.55,2063.89,1978.46,2062.8
1980.37,2040.61,1982.29,2028.52,1984.2,2063.94,1986.11,2022.44,1988.03,2041.04
1989.94,2013.08,1991.86,2039.99,1993.77,2025.41,1995.68,2046.23,1997.6,1992.19
1999.51,2025.59,2001.42,2020.98,2003.34,2004.68,2005.25,2012.72,,
2007.16,2009.51,2009.08,2022.68,2010.99,1988.91,2012.9,2027.13,2014.82,1967.62
2016.73,2014.74,2018.64,1977.51,2020.56,1976.6,2022.47,2019.27,2024.38,2019.09
2026.3,2003.14,2028.21,1991.03,2030.12,1995.63,2032.04,2007.28,2033.95,2018.73
2035.86,2048.98,2037.78,2012.46,2039.69,2045.27,2041.6,2009.19,2043.52,2000.81
2045.43,2010.58,2047.34,2018.12,2049.26,1985.05,2051.17,1982.77,,
2053.08,1993.82,2055,2022.94,2056.91,1964.99,2058.82,1996.98,2060.74,1957.88
2062.65,1998.08,2064.56,1989.2,2066.48,1960.3,2068.39,1954.64,2070.3,1980.88
2072.22,1985.03,2074.13,2001.16,2076.04,1943.35,2077.96,1994.11,,
2079.87,2000.43,2081.78,1951.75,2083.7,1971.43,2085.61,1990.13,2087.52,1972.45
2089.44,2018.21,2091.35,1999.35,2093.26,1993.89,2095.18,1978.3,2097.09,2001.08
2099,1971.95,2100.92,1994.52,2102.83,2038.52,2104.74,1989.63,2106.66,2012.97
2108.57,2039.6,2110.48,2014.66,2112.4,1994.55,2114.31,2022.9,2116.22,2036.51
2118.14,2068.35,2120.05,2031.91,2121.97,2048.43,2123.88,2078.27,,
2125.79,2062.49,2127.71,2067.22,2129.62,2061.59,2131.53,2053.81,,
2133.45,2052.47,2135.36,2082.46,2137.27,2048.5,2139.19,2060.09,2141.1,2074.6
2143.01,2064.01,2144.93,2084.41,2146.84,2083.37,2148.75,2091.37,,
2150.67,2110.89,2152.58,2106.11,2154.49,2124.43,2156.41,2142.54,,
2158.32,2096.49,2160.23,2108.76,2162.15,2131.53,2164.06,2166.5,2165.97,2138.39
2167.89,2150,2169.8,2168.71,2171.71,2195.16,2173.63,2212.15,2175.54,2178.63
2177.45,2231.19,2179.37,2219.87,2181.28,2212.2,2183.19,2214.32,2185.11,2232.62
2187.02,2259.65,2188.93,2254.05,2190.85,2247.13,2192.76,2268.56,,
2194.67,2273.16,2196.59,2279.35,2198.5,2281.34,2200.41,2264.22,2202.33,2283.63
2204.24,2287.39,2206.15,2287.84,2208.07,2317.43,2209.98,2314.15,,
2211.89,2294.64,2213.81,2323.7,2215.72,2351.63,2217.63,2357.14,2219.55,2342.95
2221.46,2336.11,2223.37,2332.99,2225.29,2347.25,2227.2,2366.02,2229.11,2384.83
2231.03,2374.32,2232.94,2371.76,2234.85,2375.43,2236.77,2388.38,,
2238.68,2405.78,2240.59,2411.15,2242.51,2410.93,2244.42,2414.4,2246.33,2434.02
2248.25,2459.69,2250.16,2451.35,2252.07,2464.77,2253.99,2479.91,2255.9,2485.09
2257.81,2461.28,2259.73,2494.63,2261.64,2500.65,2263.56,2500.62,,
2265.47,2499.55,2267.38,2515.87,2269.3,2511.89,2271.21,2510.26,2273.12,2502.16
2275.04,2534.16,2276.95,2513.2,2278.86,2529.96,2280.78,2552.89,2282.69,2534.55
2284.6,2557.6,2286.52,2580.14,2288.43,2587.41,2290.34,2587.78,2292.26,2566.2
2294.17,2557.49,2296.08,2565.37,2298,2571.43,2299.91,2569.53,2301.82,2592.48
2303.74,2573.46,2305.65,2592.63,2307.56,2601.53,2309.48,2598.67,,
2311.39,2613.94,2313.3,2639.22,2315.22,2650.59,2317.13,2617.19,2319.04,2612.63
2320.96,2638.11,2322.87,2622.9,2324.78,2614.25,2326.7,2615.14,2328.61,2664.98
2330.52,2657.47,2332.44,2648.6,2334.35,2650.82,2336.26,2642.91,2338.18,2636.03
2340.09,2629.35,2342,2637.54,2343.92,2655.16,2345.83,2647.45,2347.74,2693.28
2349.66,2654.77,2351.57,2680.72,2353.48,2666.26,2355.4,2697.01,2357.31,2667.46
2359.22,2689.36,2361.14,2677.64,2363.05,2653.51,2364.96,2657.69,,
2366.88,2716.37,2368.79,2680.1,2370.7,2724.76,2372.62,2702.95,2374.53,2713.61
2376.44,2716.34,2378.36,2728.06,2380.27,2709.26,2382.18,2723.16,2384.1,2710.13
2386.01,2704.87,2387.93,2741.32,2389.84,2750.62,2391.75,2750.19,,
2393.67,2747.41,2395.58,2736.24,2397.49,2731.68,2399.41,2743.87,2401.32,2772.5
2403.23,2762.46,2405.15,2738.88,2407.06,2751.09,2408.97,2731.34,,
2410.89,2777.36,2412.8,2812.55,2414.71,2768.55,2416.63,2758.43,2418.54,2764.4
2420.45,2804.03,2422.37,2750.31,2424.28,2784.12,2426.19,2739.21,,
2428.11,2791.73,2430.02,2841.64,2431.93,2797.77,2433.85,2812.4,2435.76,2816.38
2437.67,2813.15,2439.59,2809.6,2441.5,2846.6,2443.41,2848.02,2445.33,2838.51
2447.24,2857.48,2449.15,2866.47,2451.07,2856.2,2452.98,2876.58,2454.89,2866.01
2456.81,2865.9,2458.72,2834.48,2460.63,2864.09,2462.55,2869.15,2464.46,2879.18
2466.37,2864.94,2468.29,2864.18,2470.2,2893.99,2472.11,2865.69,2474.03,2859.21
2475.94,2869.15,2477.85,2863.29,2479.77,2877.43,2481.68,2885.86,2483.59,2913.4
2485.51,2923.86,2487.42,2906.56,2489.33,2879.38,2491.25,2920.42,,
2493.16,2890.18,2495.07,2875.54,2496.99,2913.24,2498.9,2874.93,2500.81,2861.26
2502.73,2936.39,2504.64,2891.18,2506.55,2932.64,2508.47,2926.87,,
2510.38,2959.35,2512.29,2967.2,2514.21,2946.06,2516.12,2949.72,2518.03,2981.9
2519.95,2979.72,2521.86,3021.6,2523.77,2999.39,2525.69,3026.98,2527.6,3027.52
2529.52,3021.7,2531.43,3044.11,2533.34,3033.47,2535.26,3049.19,2537.17,3065.37
2539.08,3073.2,2541,3103.76,2542.91,3090.85,2544.82,3061.08,2546.74,3063.78
2548.65,3068.56,2550.56,3109.43,2552.48,3060.62,2554.39,3088.68,2556.3,3083.58
2558.22,3113.96,2560.13,3081.46,2562.04,3071.32,2563.96,3085.9,2565.87,3101.69
2567.78,3078.61,2569.7,3021.91,2571.61,3047.81,2573.52,3065.08,2575.44,3069.83
2577.35,3118.36,2579.26,3108.41,2581.18,3113.61,2583.09,3122.09,2585,3163.03
2586.92,3183.54,2588.83,3167.23,2590.74,3127.53,2592.66,3184.67,,
2594.57,3201.82,2596.48,3211.28,2598.4,3216.47,2600.31,3230.91,2602.22,3239.26
2604.14,3187.72,2606.05,3211.85,2607.96,3206.53,2609.88,3260.7,2611.79,3262.91
2613.7,3239.12,2615.62,3259.09,2617.53,3252.46,2619.44,3231.26,2621.36,3227.52
2623.27,3207.38,2625.18,3236.67,2627.1,3272.47,2629.01,3287.11,2630.92,3253.53
2632.84,3249.35,2634.75,3270.13,2636.66,3278.17,2638.58,3296.72,,
2640.49,3354.67,2642.4,3331.19,2644.32,3364.45,2646.23,3340.83,2648.14,3367.13
2650.06,3406.3,2651.97,3438.52,2653.88,3469.55,2655.8,3470.4,2657.71,3482.19
2659.63,3502.73,2661.54,3491.41,2663.45,3526.46,2665.37,3522.74,,
2667.28,3508.64,2669.19,3488.76,2671.11,3496.78,2673.02,3539.83,,
2674.93,3545.16,2676.85,3525.04,2678.76,3560.94,2680.67,3558.3,2682.59,3583.57
2684.5,3638.37,2686.41,3654.93,2688.33,3657.26,2690.24,3671.94,2692.15,3752.53
2694.07,3780.34,2695.98,3801.4,2697.89,3873.14,2699.81,3806.98,2701.72,3879.08
2703.63,3922.29,2705.55,3899.7,2707.46,3942.93,2709.37,3952.48,2711.29,3996.32
2713.2,4028.48,2715.11,4067.42,2717.03,4125.05,2718.94,4169.68,2720.85,4191.36
2722.77,4235.35,2724.68,4279.83,2726.59,4390.93,2728.51,4466.85,2730.42,4503.7
2732.33,4505.19,2734.25,4559.01,2736.16,4585.31,2738.07,4620.31,,
2739.99,4609.04,2741.9,4527.72,2743.81,4499.09,2745.73,4488.38,2747.64,4445.25
2749.55,4402.58,2751.47,4305.23,2753.38,4303.09,2755.29,4253.39,,
2757.21,4216.01,2759.12,4186.46,2761.03,4133.33,2762.95,4088.9,2764.86,4080.39
2766.77,3989.24,2768.69,3982.97,2770.6,3923.64,2772.51,3924.95,2774.43,3935.1
2776.34,3872.62,2778.25,3857.59,2780.17,3848.32,2782.08,3830.73,,
2783.99,3836.91,2785.91,3800.41,2787.82,3811.49,2789.73,3817.63,,
2791.65,3824.43,2793.56,3846.75,2795.48,3827.51,2797.39,3835.34,2799.3,3842.76
2801.22,3855.77,2803.13,3870.94,2805.04,3856.77,2806.96,3915.03,,
2808.87,3922.78,2810.78,3948.42,2812.7,3981.64,2814.61,3984.52,2816.52,4035.75
2818.44,4088.53,2820.35,4100.62,2822.26,4148.23,2824.18,4210.31,2826.09,4236.5
2828,4331.53,2829.92,4437.78,2831.83,4514.5,2833.74,4654.4,2835.66,4796.93
2837.57,5057.14,2839.48,5350.81,2841.4,5753.57,2843.31,6404.22,2845.22,7253.81
2847.14,8336.48,2849.05,9847.88,2850.96,11378.1,2852.88,12764.1,,
2854.79,14294.8,2856.7,15262.2,2858.62,16106.8,2860.53,16536,2862.44,16440.6
2864.36,16352.2,2866.27,15863.3,2868.18,15309.7,2870.1,14902.9,2872.01,14635.3
2873.92,14587.6,2875.84,14554.5,2877.75,14774.5,2879.66,15410.6,,
2881.58,16003.7,2883.49,16965.2,2885.4,17654,2887.32,18410.7,2889.23,19119.2
2891.14,19623.4,2893.06,20428.7,2894.97,20844.1,2896.88,21279,2898.8,21725.1
2900.71,21529.8,2902.62,21737.8,2904.54,21536.2,2906.45,21497.3,,
2908.36,21696.1,2910.28,21638.3,2912.19,21891.5,2914.1,21876.5,2916.02,22021.4
2917.93,22390,2919.84,22548.1,2921.76,22909.5,2923.67,23060.5,2925.58,23240.2
2927.5,23124.3,2929.41,22756.7,2931.33,22512.6,2933.24,21739.4,2935.15,20909.7
2937.07,20428.7,2938.98,19396.3,2940.89,18754,2942.81,17869.4,2944.72,17093.9
2946.63,16503.6,2948.55,15646.7,2950.46,15172,2952.37,14689.7,2954.29,14296.9
2956.2,13967.8,2958.11,13517.7,2960.03,13303.7,2961.94,12927.7,2963.85,12544.8
2965.77,12108.1,2967.68,11494.4,2969.59,11032.7,2971.51,10467,2973.42,9972.28
2975.33,9526.58,2977.25,8939.58,2979.16,8574.58,2981.07,8118.98,,
2982.99,7798.69,2984.9,7404.97,2986.81,6998.53,2988.73,6710.17,2990.64,6473.87
2992.55,6276.36,2994.47,6034.13,2996.38,5780.35,2998.29,5611.89,,
3000.21,5467.92,3002.12,5250.71,3004.03,5118.81,3005.95,4985.61,3007.86,4872.7
3009.77,4748.7,3011.69,4640.37,3013.6,4606.52,3015.51,4518.07,3017.43,4460.06
3019.34,4359.37,3021.25,4310.02,3023.17,4266.79,3025.08,4219.99,,
3026.99,4212.73,3028.91,4146.14,3030.82,4106,3032.73,4091.62,3034.65,4002.15
3036.56,4101.92,3038.47,4076.55,3040.39,4055.87,3042.3,4028.06,3044.21,3995.48
3046.13,4027.07,3048.04,4007.2,3049.95,3973.28,3051.87,3987.21,3053.78,3940.73
3055.69,3960.37,3057.61,3969.7,3059.52,3955.37,3061.44,3914.55,3063.35,3948.51
3065.26,3941.74,3067.18,3979.09,3069.09,3963.33,3071,3985.87,3072.92,3988.1
3074.83,4000.04,3076.74,4051.33,3078.66,4028.06,3080.57,4077.78,,
3082.48,4101.38,3084.4,4098.45,3086.31,4137.71,3088.22,4126.48,3090.14,4100.82
3092.05,4110.91,3093.96,4119.38,3095.88,4095.94,3097.79,4183.99,3099.7,4185.07
3101.62,4179.4,3103.53,4167.24,3105.44,4126.48,3107.36,4184.73,3109.27,4220.75
3111.18,4181.91,3113.1,4228.11,3115.01,4246.04,3116.92,4237.94,3118.84,4281.49
3120.75,4272.76,3122.66,4309.04,3124.58,4295.23,3126.49,4337.88,3128.4,4385.16
3130.32,4396.49,3132.23,4458.3,3134.14,4482.52,3136.06,4516.67,3137.97,4616.78
3139.88,4600.3,3141.8,4644.03,3143.71,4698.67,3145.62,4732.07,3147.54,4803.02
3149.45,4847.2,3151.36,4923.72,3153.28,4998.61,3155.19,5025.18,3157.1,5150.85
3159.02,5155.73,3160.93,5263.29,3162.84,5296.47,3164.76,5357.35,,
3166.67,5424.03,3168.58,5430.78,3170.5,5541.35,3172.41,5546.69,3174.32,5586.97
3176.24,5643.43,3178.15,5758.38,3180.06,5819.35,3181.98,5886.7,3183.89,5945.64
3185.8,6022.35,3187.72,6056.14,3189.63,6209.33,3191.54,6178.45,3193.46,6283.26
3195.37,6300.49,3197.28,6330.37,3199.2,6433.21,3201.11,6414.81,3203.03,6379.86
3204.94,6518.2,3206.85,6420.61,3208.77,6545.01,3210.68,6532.41,3212.59,6538.47
3214.51,6559.05,3216.42,6488.45,3218.33,6585.44,3220.25,6519.81,,
3222.16,6506.05,3224.07,6462.41,3225.99,6408.03,3227.9,6444.91,3229.81,6384.59
3231.73,6352.5,3233.64,6365.7,3235.55,6313.96,3237.47,6381.13,3239.38,6417.15
3241.29,6417.32,3243.21,6476.05,3245.12,6470.12,3247.03,6571.56,,
3248.95,6552.36,3250.86,6594.86,3252.77,6685.83,3254.69,6666.37,3256.6,6763.11
3258.51,6733.13,3260.43,6805.93,3262.34,6816.12,3264.25,6763.59,,
3266.17,6835.06,3268.08,6796.55,3269.99,6836.29,3271.91,6852.2,3273.82,6813.65
3275.73,6798.74,3277.65,6722.93,3279.56,6738,3281.47,6826.84,3283.39,6772.27
3285.3,6711.52,3287.21,6697.97,3289.13,6700.93,3291.04,6754.86,3292.95,6688.62
3294.87,6715.65,3296.78,6689.21,3298.69,6730.18,3300.61,6734.56,,
3302.52,6698.59,3304.43,6763.85,3306.35,6805.41,3308.26,6687.09,,
3310.17,6735.61,3312.09,6717.27,3314,6771.56,3315.91,6767.76,3317.83,6761.63
3319.74,6750.07,3321.65,6744.09,3323.57,6765.5,3325.48,6768.98,3327.4,6781.01
3329.31,6774.45,3331.22,6682.1,3333.14,6667.77,3335.05,6559.61,3336.96,6573.99
3338.88,6515.26,3340.79,6414.41,3342.7,6417.39,3344.62,6330.78,3346.53,6214.02
3348.44,6172.81,3350.36,6065.75,3352.27,6110.28,3354.18,6093.82,3356.1,5972.75
3358.01,5890.17,3359.92,5774.76,3361.84,5813.19,3363.75,5714.79,,
3365.66,5648.94,3367.58,5541.99,3369.49,5438.73,3371.4,5414.72,3373.32,5386.09
3375.23,5287.79,3377.14,5211.52,3379.06,5119.48,3380.97,5121.09,,
3382.88,5079.81,3384.8,4985.41,3386.71,4951.82,3388.62,4837.83,3390.54,4797.43
3392.45,4792.58,3394.36,4743.54,3396.28,4668.3,3398.19,4551.99,3400.1,4588.93
3402.02,4524.32,3403.93,4497.86,3405.84,4465.14,3407.76,4337.2,3409.67,4379.89
3411.58,4311.7,3413.5,4267.81,3415.41,4240.32,3417.32,4187.37,3419.24,4144.36
3421.15,4133.28,3423.06,4083.45,3424.98,4045.61,3426.89,3987.77,3428.8,3919.26
3430.72,3863.66,3432.63,3806.93,3434.54,3815.32,3436.46,3771.23,3438.37,3809.1
3440.28,3811.45,3442.2,3753.27,3444.11,3735.37,3446.02,3689.22,3447.94,3664.03
3449.85,3640.32,3451.76,3632.64,3453.68,3583.25,3455.59,3555.25,3457.5,3546.3
3459.42,3497.89,3461.33,3466.7,3463.24,3414.79,3465.16,3418.47,3467.07,3376.98
3468.99,3336.91,3470.9,3305.72,3472.81,3333.69,3474.73,3258.92,3476.64,3251.67
3478.55,3195.16,3480.47,3204.44,3482.38,3195.73,3484.29,3131.83,,
3486.21,3134.12,3488.12,3097.85,3490.03,3115.85,3491.95,3033.41,,
3493.86,3007.29,3495.77,2997.57,3497.69,3008.21,3499.6,2966.37,3501.51,2917.63
3503.43,2890.14,3505.34,2844.61,3507.25,2891.57,3509.17,2821.51,,
3511.08,2858.27,3512.99,2822.2,3514.91,2816.41,3516.82,2793.63,3518.73,2766.44
3520.65,2778.48,3522.56,2741.92,3524.47,2730.04,3526.39,2705.9,3528.3,2699.4
3530.21,2708.4,3532.13,2652.63,3534.04,2650.93,3535.95,2628.96,3537.87,2601.76
3539.78,2620.81,3541.69,2596.23,3543.61,2645.04,3545.52,2610.18,,
3547.43,2580.98,3549.35,2582.5,3551.26,2535.79,3553.17,2539.34,3555.09,2532.74
3557,2593.62,3558.91,2601.82,3560.83,2514.06,3562.74,2520.35,3564.65,2508.98
3566.57,2501.88,3568.48,2520.19,3570.39,2477.33,3572.31,2488.87,,
3574.22,2498.73,3576.13,2495.82,3578.05,2481.4,3579.96,2478.76,3581.87,2481.43
3583.79,2490.79,3585.7,2432.22,3587.61,2443.92,3589.53,2437.43,3591.44,2439.16
3593.35,2422.19,3595.27,2422.01,3597.18,2408.5,3599.09,2414.18,3601.01,2426.75
3602.92,2402.76,3604.84,2401.77,3606.75,2412.01,3608.66,2417,3610.58,2413.37
3612.49,2410.08,3614.4,2417.73,3616.32,2389.2,3618.23,2401.41,3620.14,2385.92
3622.06,2406.78,3623.97,2380.56,3625.88,2360.16,3627.8,2371.6,3629.71,2352.55
3631.62,2363.23,3633.54,2336.81,3635.45,2325.98,3637.36,2325.52,,
3639.28,2316.25,3641.19,2330.92,3643.1,2332.96,3645.02,2334.36,3646.93,2315.58
3648.84,2281.79,3650.76,2315.03,3652.67,2315.9,3654.58,2307.41,3656.5,2316.56
3658.41,2280.41,3660.32,2278.8,3662.24,2295.76,3664.15,2283.9,3666.06,2267.85
3667.98,2255.12,3669.89,2270.72,3671.8,2291.79,3673.72,2261.94,3675.63,2243.44
3677.54,2272.34,3679.46,2236.88,3681.37,2251.83,3683.28,2231.7,3685.2,2212.25
3687.11,2208.99,3689.02,2210.86,3690.94,2185.38,3692.85,2219.24,,
3694.76,2194.07,3696.68,2204.77,3698.59,2198.26,3700.5,2211.1,3702.42,2203.7
3704.33,2186.26,3706.24,2171.37,3708.16,2188.37,3710.07,2175.89,,
3711.98,2205.02,3713.9,2187.71,3715.81,2186.26,3717.72,2186,3719.64,2144.42
3721.55,2148.35,3723.46,2170.88,3725.38,2163.48,3727.29,2151.71,3729.2,2121.1
3731.12,2168.31,3733.03,2147.05,3734.95,2155.14,3736.86,2161.87,,
3738.77,2129.51,3740.69,2135.31,3742.6,2145.72,3744.51,2107,3746.43,2136.07
3748.34,2122.85,3750.25,2131.05,3752.17,2105.5,3754.08,2133.87,3755.99,2121.93
3757.91,2108.94,3759.82,2096.86,3761.73,2092.06,3763.65,2103.12,,
3765.56,2114.65,3767.47,2108.11,3769.39,2095.8,3771.3,2107.34,3773.21,2082.21
3775.13,2090.18,3777.04,2052.88,3778.95,2052.85,3780.87,2071.69,,
3782.78,2090.91,3784.69,2058.73,3786.61,2084.77,3788.52,2069.41,,
3790.43,2062.25,3792.35,2042.79,3794.26,2050.79,3796.17,2037.99,,
3798.09,2088.49,3800,2024.54,,,,,,
